<?xml version="1.0"?>
<!DOCTYPE modification SYSTEM "http://www.simplemachines.org/xml/modification">
<modification xmlns="http://www.simplemachines.org/xml/modification" xmlns:smf="http://www.simplemachines.org/">
<name>Post and PM Inline Attachments</name>
<id>Dougiefresh:ILA</id>
<version>4.15</version>

<!---------------------------------------------------------------------------->
<!-- Source file edits														-->
<!---------------------------------------------------------------------------->
<file name="$boarddir/index.php">
	<operation>
		<search position="after"><![CDATA[header('X-Content-Type-Options: nosniff');]]></search>
		<add><![CDATA[if (empty($modSettings['ila_turn_nosniff_off']))
		]]></add>
	</operation>
</file>
<file name="$sourcedir/Display.php">
	<operation>
		<search position="replace"><![CDATA['attachment' => loadAttachmentContext($message['id_msg']),]]></search>
		<add><![CDATA['attachment' => array(),]]></add>
	</operation>
	<operation>
		<search position="replace"><![CDATA[);

	// Is this user the message author?]]></search>
		<add><![CDATA[);
	if (!empty($context['ila']['msg']) && !empty($context['ila']['attachments'][$context['ila']['msg']]))
		$output['attachment'] = &$context['ila']['attachments'][$context['ila']['msg']];

	// Is this user the message author?]]></add>
	</operation>
	<operation>
		<search position="replace"><![CDATA['is_image' => !empty($attachment['width']) && !empty($attachment['height']) && !empty($modSettings['attachmentShowImages']),]]></search>
		<add><![CDATA['is_image' => !empty($attachment['width']) && !empty($attachment['height']) && (!empty($modSettings['attachmentShowImages']) || $override_show),]]></add>
	</operation>
	<operation>
		<search position="replace"><![CDATA[function loadAttachmentContext($id_msg)]]></search>
		<add><![CDATA[function loadAttachmentContext($id_msg, $override_show = false)]]></add>
	</operation>
	<operation>
		<search position="before"><![CDATA[header('Content-Type: ' . strtr($mime_type, array('image/bmp' => 'image/x-ms-bmp')));]]></search>
		<add><![CDATA[
	elseif (ILA_Mime_Type($file_ext, $mime_type))
		header('Content-Type: ' . $mime_type);]]></add>
	</operation>
</file>
<file name="$sourcedir/Help.php">
	<operation>
		<search position="after"><![CDATA[// Permission specific help?]]></search>
		<add><![CDATA[// Load the ILA language file.
	loadLanguage('InlineAttachmentsAdmin');

	]]></add>
	</operation>
</file>
<file name="$sourcedir/ManageAttachments.php">
	<operation>
		<search position="after"><![CDATA[
	);

	// Pick the correct sub-action.]]></search>
		<add><![CDATA[,
		'ila' => 'ILA_Admin_Settings']]></add>
	</operation>
</file>
<file name="$sourcedir/Post.php">
	<operation>
		<search position="before"><![CDATA[loadLanguage('Post');]]></search>
		<add><![CDATA[
	ILA_Load_Stuff();]]></add>
	</operation>
	<operation>
		<search position="replace"><![CDATA[$row['body'] = parse_bbc($row['body'], $row['smileys_enabled'], $row['id_msg']);]]></search>
		<add><![CDATA[$row['body'] = parse_bbc($row['body'], $row['smileys_enabled'], $row['id_msg']);

		// Show attachment string or error message in topic history
		$row['body'] = ILA_Invalid_Tags($row['body'], $row['id_msg']);]]></add>
	</operation>
	<operation>
		<search position="replace"><![CDATA[$context['preview_message'] = parse_bbc($context['preview_message'], isset($_REQUEST['ns']) ? 0 : 1);]]></search>
		<add><![CDATA[$msg_id = 'pre' . (isset($_REQUEST['msg']) ? $_REQUEST['msg'] : '');
			ILA_Fix_Param_Order($context['preview_message'], $msg_id);
			$context['preview_message'] = parse_bbc($context['preview_message'], isset($_REQUEST['ns']) ? 0 : 1, $msg_id);

			// Show attachment string or error message in topic history
			$context['preview_message'] = ILA_Invalid_Tags($context['preview_message'], $msg_id);]]></add>
	</operation>
	<operation>
		<search position="after"><![CDATA[$attachIDs[] = $attachmentOptions['id'];]]></search>
		<add><![CDATA[$_POST['attach_del'][] = ]]></add>
	</operation>
	<operation>
		<search position="replace"><![CDATA[// Check if they are trying to delete any current attachments....
	if (isset($_REQUEST['msg'], $_POST['attach_del']) && (allowedTo('post_attachment') || ($modSettings['postmod_active'] && allowedTo('post_unapproved_attachments'))))
	{
		$del_temp = array();
		foreach ($_POST['attach_del'] as $i => $dummy)
			$del_temp[$i] = (int) $dummy;

		require_once($sourcedir . '/ManageAttachments.php');
		$attachmentQuery = array(
			'attachment_type' => 0,
			'id_msg' => (int) $_REQUEST['msg'],
			'not_id_attach' => $del_temp,
		);
		removeAttachments($attachmentQuery);
	}]]></search>
		<add><![CDATA[// MOVED FURTHER DOWN: Check if they are trying to delete any current attachments....]]></add>
	</operation>
	<operation>
		<search position="after"><![CDATA[// Make the poll...
	if (isset($_REQUEST['poll']))
	{
		// Create the poll.]]></search>
		<add><![CDATA[// Check if they are trying to delete any current attachments....
	ILA_Fix_Param_Order($_POST['message']);
	if (isset($_REQUEST['msg'], $_POST['attach_del']) && (allowedTo('post_attachment') || ($modSettings['postmod_active'] && allowedTo('post_unapproved_attachments'))))
	{
		$del_temp = array();
		foreach ($_POST['attach_del'] as $i => $dummy)
			$del_temp[$i] = (int) $dummy;

		require_once($sourcedir . '/ManageAttachments.php');
		$attachmentQuery = array(
			'attachment_type' => 0,
			'id_msg' => (int) $_REQUEST['msg'],
			'not_id_attach' => $del_temp,
		);
		ILA_Reorganize_Tags($_POST['message'], $attachmentQuery);
		removeAttachments($attachmentQuery);
	}

	]]></add>
	</operation>
	<operation>
		<search position="replace"><![CDATA[// Collect all parameters for the creation or modification of a post.
	$msgOptions = array(
		'id' => empty($_REQUEST['msg']) ? 0 : (int) $_REQUEST['msg'],]]></search>
		<add><![CDATA[// Collect all parameters for the creation or modification of a post.
	$msg_id = (empty($_REQUEST['msg']) ? 0 : (int) $_REQUEST['msg']);
	ILA_Process_Quotes($_POST['message'], $msg_id);
	$msgOptions = array(
		'id' => empty($_REQUEST['msg']) ? 0 : (int) $_REQUEST['msg'],]]></add>
	</operation>
	<operation>
		<search position="before"><![CDATA[$form_message = '[quote author=' . $mname . ' link=topic=' . $topic . '.msg' . (int) $_REQUEST['quote'] . '#msg' . (int) $_REQUEST['quote'] . ' date=' . $mdate . ']' . "\n" . rtrim($form_message) . "\n" . '[/quote]';]]></search>
		<add><![CDATA[
			$form_message = ILA_Add_MsgID($form_message);]]></add>
	</operation>
	<operation>
		<search position="before"><![CDATA[createPost($msgOptions, $topicOptions, $posterOptions);]]></search>
		<add><![CDATA[
		$msgOptions['body'] = str_replace('msg=new', 'msg=' . $msgOptions['id'], ($body_temp = $msgOptions['body']));
		if ($body_temp != $msgOptions['body'])
			modifyPost($msgOptions, $topicOptions, $posterOptions);]]></add>
	</operation>
	<operation>
		<search position="replace"><![CDATA[AND m.id_topic = {int:current_topic}',
				array(]]></search>
		<add><![CDATA[AND m.id_topic = {int:current_topic}
				ORDER BY a.id_attach',
				array(]]></add>
	</operation>
	<operation>
		<search position="replace"><![CDATA[AND m.id_topic = {int:current_topic}',
			array(]]></search>
		<add><![CDATA[AND m.id_topic = {int:current_topic}
			ORDER BY a.id_attach',
			array(]]></add>
	</operation>
</file>
<file name="$sourcedir/Profile-View.php">
	<operation>
		<search position="before"><![CDATA[$row['body'] = parse_bbc($row['body'], $row['smileys_enabled'], $row['id_msg']);]]></search>
		<add><![CDATA[

		// Show attachment string or error message in topic history
		$row['body'] = ILA_Invalid_Tags($row['body'], $row['id_msg']);]]></add>
	</operation>
</file>
<file name="$sourcedir/Recent.php">
	<operation>
		<search position="before"><![CDATA[$row['body'] = parse_bbc($row['body'], $row['smileys_enabled'], $row['id_msg']);]]></search>
		<add><![CDATA[

		// Show attachment string or error message in topic history
		$row['body'] = ILA_Invalid_Tags($row['body'], $row['id_msg']);]]></add>
	</operation>
</file>
<file name="$sourcedir/Subs.php">
	<operation>
		<search position="after"><![CDATA[// Shall we take the time to cache this?
]]></search>
		<add><![CDATA[// Setup for Inline Attachments
	ILA_Setup($cache_id, $message);
		
	]]></add>
	</operation>
	<operation error="ignore">
		<search position="after"><![CDATA[$orders = permute($preg);]]></search>
		<add><![CDATA[if (in_array($possible['tag'], ILA_tags()))
					$orders = array($preg);
				else
					]]></add>
	</operation>
</file>
<file name="$sourcedir/Subs-CustomView.php" error="skip">
	<operation>
		<search position="replace"><![CDATA[if (!isset($context['ila_dont_show_attach_below']) || !array_key_exists($attachment['id'], $context['ila_dont_show_attach_below']))]]></search>
		<add><![CDATA[if (empty($context['ila']['dont_show'][$attachment['id']]) && ((!isset($context['ila_dont_show_attach_below']) || !array_key_exists($attachment['id'], $context['ila_dont_show_attach_below']))))]]></add>
	</operation>
</file>
<file name="$sourcedir/hs4smf-Subs.php" error="skip">
	<operation>
		<search position="replace"><![CDATA[			elseif (stripos($image['img_tag'], 'index.php?action=dlattach;'))
				continue;]]></search>
		<add><![CDATA[// Inline Attachments (ILA) commented these out...
//			elseif (stripos($image['img_tag'], 'index.php?action=dlattach;'))
//				continue;]]></add>
	</operation>
</file>
<file name="$sourcedir/PersonalMessage.php">
	<operation error="ignore">
		<search position="replace"><![CDATA['attachment' => loadPMAttachmentContext($message['id_pm']),]]></search>
		<add><![CDATA['attachment' => array(),]]></add>
	</operation>
	<operation>
		<search position="after"><![CDATA[	$counter++;]]></search>
		<add><![CDATA[	if (!empty($context['ila']['msg']) && !empty($context['ila']['attachments'][$context['ila']['msg']]))
		$output['attachment'] = &$context['ila']['attachments'][$context['ila']['msg']];

]]></add>
	</operation>
	<operation>
		<search position="before"><![CDATA[// This file contains the basic functions for sending a PM.
	require_once($sourcedir . '/Subs-Post.php');

	loadLanguage('PersonalMessage');]]></search>
		<add><![CDATA[
	loadLanguage('InlineAttachments');]]></add>
	</operation>
</file>

<!---------------------------------------------------------------------------->
<!-- Template file edits													-->
<!---------------------------------------------------------------------------->
<file name="$themedir/Display.template.php">
	<operation>
		<search position="replace"><![CDATA[if (!empty($message['attachment']))]]></search>
		<add><![CDATA[$msg_id = $message['id'];
		if (!empty($message['attachment']) && count($context['ila']['dont_show'][$msg_id]) != count($message['attachment']))]]></add>
	</operation>
	<operation>
		<search position="after"><![CDATA[// Show a special box for unapproved attachments...]]></search>
		<add><![CDATA[// Skip over already-displayed inline attachments:
				if (!empty($context['ila']['dont_show'][$msg_id][$attachment['id']]))
					continue;
				
				]]></add>
	</operation>
	<operation>
		<search position="replace"><![CDATA[if ($attachment['is_image'])]]></search>
		<add><![CDATA[if ($attachment['is_image'] && !empty($modSettings['attachmentShowImages']))]]></add>
	</operation>
</file>
<file name="$themedir/PersonalMessage.template.php">
	<operation error="ignore">
		<search position="before"><![CDATA[function template_folder()
{
	global $context, $settings, $options, $scripturl, $modSettings, $txt]]></search>
		<add><![CDATA[, $sourcedir]]></add>
	</operation>
	<operation error="ignore">
		<search position="after"><![CDATA[// Assuming there are attachments...]]></search>
		<add><![CDATA[// If the user has requested so, then remove any attachments that are already displayed...
	if (!empty($message['attachment']))
	{
		foreach ($message['attachment'] as $id => $attachment)
		{
			if (isset($context['ila']['dont_show'][$attachment['id']]))
				unset($message['attachment'][$id]);
		}
	}

	]]></add>
	</operation>
	<operation error="ignore">
		<search position="replace"><![CDATA[foreach ($context['current_attachments'] as $attachment)
				echo '
					<dd class="smalltext">
						<label for="attachment_', $attachment['id'], '"><input type="checkbox" id= "attachment_', $attachment['id'], '" name="attach_del[]" value="', $attachment['id'], '"', empty($attachment['unchecked']) ? ' checked="checked"' : '', ' class="input_check" /> ', $attachment['name'], '</label>
]]></search>
		<add><![CDATA[foreach ($context['current_attachments'] as $attid => $attachment)
				echo '
					<dd class="smalltext">
						<label for="attachment_', $attachment['id'], '"><input type="checkbox" id="attachment_', $attachment['id'], '" name="attach_del[]" value="', $attachment['id'], '"', empty($attachment['unchecked']) ? ' checked="checked"' : '', ' class="input_check" /> ', $attachment['name'], '	<a href="javascript:void(0);" onclick="insertAttachment(', ($attid + !empty($modSettings['ila_one_based_numbering'])), '); return false;">(', sprintf($txt['ila_insert'], ($attid  + !empty($modSettings['ila_one_based_numbering']))), ')</a></label>
]]></add>
	</operation>
	<operation error="ignore">
		<search position="replace"><![CDATA[<input type="file" size="38" name="attachment[]" class="input_file" />';]]></search>
		<add><![CDATA[<input type="file" size="60" name="attachment[]" id="attachment1" class="input_file" /> (<a href="javascript:void(0);" onclick="insertAttachment(', ((empty($context['current_attachments']) ? 0 : count($context['current_attachments'])) + !empty($modSettings['ila_one_based_numbering'])), '); return false;">', sprintf($txt['ila_insert'], ((empty($context['current_attachments']) ? 0 : count($context['current_attachments'])) + !empty($modSettings['ila_one_based_numbering']))),'</a>)';]]></add>
	</operation>
	<operation error="ignore">
		<search position="replace"><![CDATA[function addAttachment()
										{
											if (allowed_attachments <= 0)
												return alert("', $txt['more_attachments_error'], '");

											setOuterHTML(document.getElementById("moreAttachments"), \'<dd class="smalltext"><input type="file" size="38" name="attachment[]" class="input_file" /><\' + \'/dd><dd class="smalltext" id="moreAttachments"><a href="javascript:void(0);" onclick="addAttachment(); return false;">(', $txt['more_attachments'], ')<\' + \'/a><\' + \'/dd>\');

											allowed_attachments = allowed_attachments - 1;

											return true;
										}
]]></search>
		<add><![CDATA[var current_attachment = ', (isset($context['current_attachments']) ? count($context['current_attachments']) : 0) + !empty($modSettings['ila_one_based_numbering']), ';

										function addAttachment()
										{
											current_attachment = current_attachment + 1;
											if (allowed_attachments <= 0)
												return alert("', $txt['more_attachments_error'], '");

											var temp = "', $txt['ila_insert'], '";
											temp = temp.replace("\%d", current_attachment);
											setOuterHTML(document.getElementById("moreAttachments"), \'<dd class="smalltext"><input type="file" size="60" name="attachment[]" id="attachment\' + current_attachment + \'" class="input_file" /> (<a href="javascript:void(0);" onclick="insertAttachment(\' + current_attachment + \'); return false;">\' + temp + \'</a>) (<a href="javascript:void(0);" onclick="cleanFileInput(\\\'attachment\' + current_attachment + \'\\\');">', $txt['clean_attach'], '</a>)\' + \'</dd><dd class="smalltext" id="moreAttachments"><a href="#" onclick="addAttachment(); return false;">(' . $txt['more_attachments'] . ')<\' + \'/a><\' + \'/dd>\');

											allowed_attachments = allowed_attachments - 1;

											return true;
										}
]]></add>
	</operation>
	<operation error="ignore">
		<search position="after"><![CDATA[<dd class="smalltext">';

		// Show some useful information such as allowed extensions, maximum size and amount of attachments allowed.]]></search>
		<add><![CDATA[<script type="text/javascript"><!-- // --><![CDATA[<]]><![CDATA[![CDATA[
							function insertAttachment(id)
							{', (file_exists($sourcedir . '/Subs-SCEditor.php') ? '
								$(smfmod_editor).data(\'sceditor\').insertText(\'[' . (isset($modSettings['ila_insert_tag']) ? $modSettings['ila_insert_tag'] : 'attachment') . ' id=\' + id + \' msg=' . (isset($_REQUEST['msg']) ? $_REQUEST['msg'] : 'new') . '\');' : '
								replaceText(\'[' . (isset($modSettings['ila_insert_tag']) ? $modSettings['ila_insert_tag'] : 'attachment') . ' id=\' + id + \' msg=' . (isset($_REQUEST['msg']) ? $_REQUEST['msg'] : 'new') . ']\', document.forms.postmodify.' . $context['post_box_name'] . ');'), '
							}
						// ]]]]><![CDATA[></script>
						]]></add>
	</operation>
	<operation>
		<search position="before"><![CDATA[function template_send()
{
	global $context, $settings, $options, $scripturl, $modSettings, $txt]]></search>
		<add><![CDATA[, $sourcedir]]></add>
	</operation>
</file>
<file name="$themedir/Post.template.php">
	<operation>
		<search position="before"><![CDATA[global $context, $settings, $options, $txt, $scripturl, $modSettings, $counter]]></search>
		<add><![CDATA[, $sourcedir]]></add>
	</operation>
	<operation>
		<search position="replace"><![CDATA[foreach ($context['current_attachments'] as $attachment)
			echo '
						<dd class="smalltext">
							<label for="attachment_', $attachment['id'], '"><input type="checkbox" id="attachment_', $attachment['id'], '" name="attach_del[]" value="', $attachment['id'], '"', empty($attachment['unchecked']) ? ' checked="checked"' : '', ' class="input_check" /> ', $attachment['name'], (empty($attachment['approved']) ? ' (' . $txt['awaiting_approval'] . ')' : ''), '</label>
]]></search>
		<add><![CDATA[foreach ($context['current_attachments'] as $attid => $attachment)
			echo '
						<dd class="smalltext">
							<label for="attachment_', $attachment['id'], '"><input type="checkbox" id="attachment_', $attachment['id'], '" name="attach_del[]" value="', $attachment['id'], '"', empty($attachment['unchecked']) ? ' checked="checked"' : '', ' class="input_check" /> ', $attachment['name'], '	<a href="javascript:void(0);" onclick="insertAttachment(', ($attid + !empty($modSettings['ila_one_based_numbering'])), '); return false;">(', sprintf($txt['ila_insert'], ($attid  + !empty($modSettings['ila_one_based_numbering']))), ')</a></label>
]]></add>
	</operation>
	<operation>
		<search position="replace"><![CDATA[<input type="file" size="60" name="attachment[]" id="attachment1" class="input_file" />]]></search>
		<add><![CDATA[<input type="file" size="60" name="attachment[]" id="attachment1" class="input_file" /> (<a href="javascript:void(0);" onclick="insertAttachment(', ((empty($context['current_attachments']) ? 0 : count($context['current_attachments'])) + !empty($modSettings['ila_one_based_numbering'])), '); return false;">', sprintf($txt['ila_insert'], ((empty($context['current_attachments']) ? 0 : count($context['current_attachments'])) + !empty($modSettings['ila_one_based_numbering']))),'</a>) ]]></add>
	</operation>
	<operation>
		<search position="replace"><![CDATA[var current_attachment = 1;

								function addAttachment()
								{
									allowed_attachments = allowed_attachments - 1;
									current_attachment = current_attachment + 1;
									if (allowed_attachments <= 0)
										return alert("', $txt['more_attachments_error'], '");

									setOuterHTML(document.getElementById("moreAttachments"), \'<dd class="smalltext"><input type="file" size="60" name="attachment[]" id="attachment\' + current_attachment + \'" class="input_file" /> (<a href="javascript:void(0);" onclick="cleanFileInput(\\\'attachment\' + current_attachment + \'\\\');">', $txt['clean_attach'], '</a>)\' + \'</dd><dd class="smalltext" id="moreAttachments"><a href="#" onclick="addAttachment(); return false;">(', $txt['more_attachments'], ')<\' + \'/a><\' + \'/dd>\');

									return true;
								}]]></search>
		<add><![CDATA[var current_attachment = ', (count($context['current_attachments']) + !empty($modSettings['ila_one_based_numbering'])), ';

								function addAttachment()
								{
									allowed_attachments = allowed_attachments - 1;
									current_attachment = current_attachment + 1;
									if (allowed_attachments <= 0)
										return alert("', $txt['more_attachments_error'], '");

									var temp = "', $txt['ila_insert'], '";
									temp = temp.replace("\%d", current_attachment);
									setOuterHTML(document.getElementById("moreAttachments"), \'<dd class="smalltext"><input type="file" size="60" name="attachment[]" id="attachment\' + current_attachment + \'" class="input_file" /> (<a href="javascript:void(0);" onclick="insertAttachment(\' + current_attachment + \'); return false;">\' + temp + \'</a>) (<a href="javascript:void(0);" onclick="cleanFileInput(\\\'attachment\' + current_attachment + \'\\\');">', $txt['clean_attach'], '</a>)\' + \'</dd><dd class="smalltext" id="moreAttachments"><a href="#" onclick="addAttachment(); return false;">(' . $txt['more_attachments'] . ')<\' + \'/a><\' + \'/dd>\');

									return true;
								}]]></add>
	</operation>
	<operation>
		<search position="replace"><![CDATA[echo '
						<dd class="smalltext">';

		// Show some useful information such as allowed extensions, maximum size and amount of attachments allowed.]]></search>
		<add><![CDATA[echo '
						<dd class="smalltext">
							<script type="text/javascript"><!-- // --><![CDATA[<]]><![CDATA[![CDATA[
								function insertAttachment(id)
								{', (file_exists($sourcedir . '/Subs-SCEditor.php') ? '
									$(smfmod_editor).data(\'sceditor\').insertText(\'[' . (isset($modSettings['ila_insert_tag']) ? $modSettings['ila_insert_tag'] : 'attachment') . ' id=\' + id + \' msg=' . (isset($_REQUEST['msg']) ? $_REQUEST['msg'] : 'new') . '\');' : '
									replaceText(\'[' . (isset($modSettings['ila_insert_tag']) ? $modSettings['ila_insert_tag'] : 'attachment') . ' id=\' + id + \' msg=' . (isset($_REQUEST['msg']) ? $_REQUEST['msg'] : 'new') . ']\', document.forms.postmodify.' . $context['post_box_name'] . ');'), '
								}
							// ]]]]><![CDATA[></script>';

		// Show some useful information such as allowed extensions, maximum size and amount of attachments allowed.]]></add>
	</operation>
	<operation>
		<search position="replace"><![CDATA[sendXMLDocument(smf_prepareScriptUrl(smf_scripturl) + \'action=post2\' + (current_board ? \';board=\' + current_board : \'\') + (make_poll ? \';poll\' : \'\') + \';preview;xml\', x.join(\'&\'), onDocSent);]]></search>
		<add><![CDATA[sendXMLDocument(smf_prepareScriptUrl(smf_scripturl) + \'action=post2', (isset($_REQUEST['msg']) ? ';msg=' . $_REQUEST['msg'] : ''), '\' + (current_board ? \';board=\' + current_board : \'\') + (make_poll ? \';poll\' : \'\') + \';preview;xml\', x.join(\'&\'), onDocSent);]]></add>
	</operation>
</file>
<file name="$boarddir/Themes/core/Display.template.php" error="skip">
	<operation>
		<search position="replace"><![CDATA[if (!empty($message['attachment']))]]></search>
		<add><![CDATA[$msg_id = $message['id'];
		if (!empty($message['attachment']) && count($context['ila']['dont_show'][$msg_id]) != count($message['attachment']))]]></add>
	</operation>
	<operation>
		<search position="after"><![CDATA[// Show a special box for unapproved attachments...]]></search>
		<add><![CDATA[// Skip over already-displayed inline attachments:
				if (!empty($context['ila']['dont_show'][$msg_id][$attachment['id']]))
					continue;
				
				]]></add>
	</operation>
</file>
<file name="$boarddir/Themes/sunset-2-0-1-5/Display.template.php" error="skip">
	<operation>
		<search position="replace"><![CDATA[if (!empty($message['attachment']))]]></search>
		<add><![CDATA[$msg_id = $message['id'];
		if (!empty($message['attachment']) && count($context['ila']['dont_show'][$msg_id]) != count($message['attachment']))]]></add>
	</operation>
	<operation>
		<search position="after"><![CDATA[// Show a special box for unpproved attachments...]]></search>
		<add><![CDATA[// Skip over already-displayed inline attachments:
				if (!empty($context['ila']['dont_show'][$msg_id][$attachment['id']]))
					continue;
				
				]]></add>
	</operation>
</file>
</modification>